defined_class	prefLabel	Taxonomy_label	Synonyms_from_taxonomy	Gross_cell_type	Taxon	Taxon_abbv	Brain_region	Cluster_IDs	Labelset	Dataset_url	Alias_citations	Short_form_citation	Parent_label	Minimal_markers	Allen_markers	Brain_region_abbv	Species_abbv	Individuals	part_of	has_soma_location	aligned_alias	CL	NT	NT_markers	MBA_assay	Subclass_markers	Matrix_url	Class_name	NT_label	Nomenclature_Layers	Nomenclature_Projection	evidence_marker_gene_set	marker_gene_set	marker_gene_set_confidence	ws_marker_gene_set	ws_marker_gene_set_confidence	nsforest_marker_gene_set_1	nsforest_marker_gene_set_1_confidence	nsforest_marker_gene_set_2	nsforest_marker_gene_set_2_confidence	MBA	MBA_text	Location_disclaimer	NT_disclaimer	Atlas_url	Atlas_url_label	Rationale_comment	Rationale_comment_dois	MBA_1	MBA_1_cell_percentage	MBA_1_comment	MBA_2	MBA_2_cell_percentage	MBA_2_comment	MBA_3	MBA_3_cell_percentage	MBA_3_comment	CCF_acronym_freq
http://purl.obolibrary.org/obo/PCL_0160013	CN LGE GABA	CN LGE GABA	CN LGE GABA	CL:0000617	NCBITaxon:9443	Primate	DHBA:10332	CS20250428_CLASS_0003	Class	https://purl.brain-bican.org/taxonomy/CCN20230722	https://alleninstitute.github.io/HMBA_BasalGanglia_Consensus_Taxonomy/	HMBA Basal Ganglia Consensus Taxonomy	Subpallium GABA			BG	Primate	https://purl.brain-bican.org/ontology/CCN20250428/CS20250428_CLASS_0003		DHBA:10332					EFO:0008992		https://purl.brain-bican.org/taxonomy/CCN20230722/CS20250428_NEIGH_0002.h5ad	CS20250428_NEIGH_0002																														
http://purl.obolibrary.org/obo/PCL_0160016	F M GABA	F M GABA	F M GABA	CL:0000617	NCBITaxon:9443	Primate	DHBA:10332	CS20250428_CLASS_0006	Class	https://purl.brain-bican.org/taxonomy/CCN20230722	https://alleninstitute.github.io/HMBA_BasalGanglia_Consensus_Taxonomy/	HMBA Basal Ganglia Consensus Taxonomy	Subpallium GABA			BG	Primate	https://purl.brain-bican.org/ontology/CCN20250428/CS20250428_CLASS_0006		DHBA:10332					EFO:0008992		https://purl.brain-bican.org/taxonomy/CCN20230722/CS20250428_NEIGH_0002.h5ad	CS20250428_NEIGH_0002																														
http://purl.obolibrary.org/obo/PCL_0160066	ACx MEIS2 GABA	ACx MEIS2 GABA	ACx MEIS2 GABA|Cx GABA	CL:0000617	NCBITaxon:9443	Primate	DHBA:10332	CS20250428_CLASS_0012|CS20250428_SUBCL_0036	Subclass	https://purl.brain-bican.org/taxonomy/CCN20230722	https://alleninstitute.github.io/HMBA_BasalGanglia_Consensus_Taxonomy/	HMBA Basal Ganglia Consensus Taxonomy	Subpallium GABA			BG	Primate	https://purl.brain-bican.org/ontology/CCN20250428/CS20250428_SUBCL_0036		DHBA:10332					EFO:0008992		https://purl.brain-bican.org/taxonomy/CCN20230722/CS20250428_NEIGH_0002.h5ad	CS20250428_NEIGH_0002																														
http://purl.obolibrary.org/obo/CL_4310096	GPi Shell	GPi Shell	CN GABA-Glut|GPi Shell|Subpallium GABA-Glut	CL:0020004	NCBITaxon:9443	Primate	DHBA:10332	CS20250428_NEIGH_0003|CS20250428_CLASS_0002|CS20250428_SUBCL_0014|CS20250428_GROUP_0016	Group	https://purl.brain-bican.org/taxonomy/CCN20230722	https://doi.org/10.1523/ENEURO.0208-22.2022|https://doi.org/10.1016/j.neuron.2017.03.017|https://alleninstitute.github.io/HMBA_BasalGanglia_Consensus_Taxonomy/	HMBA Basal Ganglia Consensus Taxonomy				BG	Primate	https://purl.brain-bican.org/ontology/CCN20250428/CS20250428_GROUP_0016		DHBA:10332		CL:0020004			EFO:0008992		https://purl.brain-bican.org/taxonomy/CCN20230722/CS20250428_NEIGH_0003.h5ad	CS20250428_NEIGH_0003				http://purl.obolibrary.org/obo/CLM_5050496									DHBA:10333|DHBA:10343|DHBA:10344	striatum (STR, 0.1), external segment of globus pallidus (GPe, 0.1), internal segment of globus pallidus (GPi, 0.6)					Rationale for assigning this type to reference data: Mapping to the general type GPi shell neuron (internal globus pallidus shell projection neuron) is based on soma location (to GPi & surrounding GPi core neurons), neurotransmitter (dual GABA-Glut), expression of sst, Sst,Tbr1,Slc17a6 and absence of Pvalb expression.	https://doi.org/10.1523/ENEURO.0208-22.2022|https://doi.org/10.1016/j.neuron.2017.03.017	DHBA:10333	0.1	Location assignment based on CCF broad region.	DHBA:10343	0.1	Location assignment based on CCF broad region.	DHBA:10344	0.6	Location assignment based on CCF broad region.	
http://purl.obolibrary.org/obo/PCL_0160011	CN CGE GABA	CN CGE GABA	CN CGE GABA	CL:0000617	NCBITaxon:9443	Primate	DHBA:10332	CS20250428_CLASS_0001	Class	https://purl.brain-bican.org/taxonomy/CCN20230722	https://alleninstitute.github.io/HMBA_BasalGanglia_Consensus_Taxonomy/	HMBA Basal Ganglia Consensus Taxonomy	Subpallium GABA			BG	Primate	https://purl.brain-bican.org/ontology/CCN20250428/CS20250428_CLASS_0001		DHBA:10332					EFO:0008992		https://purl.brain-bican.org/taxonomy/CCN20230722/CS20250428_NEIGH_0002.h5ad	CS20250428_NEIGH_0002																														
http://purl.obolibrary.org/obo/PCL_0160015	CN MGE GABA	CN MGE GABA	CN MGE GABA	CL:0000617	NCBITaxon:9443	Primate	DHBA:10332	CS20250428_CLASS_0005	Class	https://purl.brain-bican.org/taxonomy/CCN20230722	https://alleninstitute.github.io/HMBA_BasalGanglia_Consensus_Taxonomy/	HMBA Basal Ganglia Consensus Taxonomy	Subpallium GABA			BG	Primate	https://purl.brain-bican.org/ontology/CCN20250428/CS20250428_CLASS_0005		DHBA:10332					EFO:0008992		https://purl.brain-bican.org/taxonomy/CCN20230722/CS20250428_NEIGH_0002.h5ad	CS20250428_NEIGH_0002																														
http://purl.obolibrary.org/obo/PCL_0160055	M Dopa	M Dopa	M Dopa	CL:4042025	NCBITaxon:9443	Primate	DHBA:10332	CS20250428_CLASS_0009|CS20250428_SUBCL_0025	Subclass	https://purl.brain-bican.org/taxonomy/CCN20230722	https://alleninstitute.github.io/HMBA_BasalGanglia_Consensus_Taxonomy/	HMBA Basal Ganglia Consensus Taxonomy	Glut Sero Dopa			BG	Primate	https://purl.brain-bican.org/ontology/CCN20250428/CS20250428_SUBCL_0025		DHBA:10332		CL:4042025			EFO:0008992		https://purl.brain-bican.org/taxonomy/CCN20230722/CS20250428_NEIGH_0000.h5ad	CS20250428_NEIGH_0000																														
http://purl.obolibrary.org/obo/PCL_0160017	F M Glut	F M Glut	F M Glut	CL:0000700	NCBITaxon:9443	Primate	DHBA:10332	CS20250428_CLASS_0007	Class	https://purl.brain-bican.org/taxonomy/CCN20230722	https://alleninstitute.github.io/HMBA_BasalGanglia_Consensus_Taxonomy/	HMBA Basal Ganglia Consensus Taxonomy	Glut Sero Dopa			BG	Primate	https://purl.brain-bican.org/ontology/CCN20250428/CS20250428_CLASS_0007		DHBA:10332					EFO:0008992		https://purl.brain-bican.org/taxonomy/CCN20230722/CS20250428_NEIGH_0000.h5ad	CS20250428_NEIGH_0000																														
http://purl.obolibrary.org/obo/PCL_0160020	OPC-Oligo	OPC-Oligo	OPC-Oligo	CL:0000095	NCBITaxon:9443	Primate	DHBA:10332	CS20250428_CLASS_0010	Class	https://purl.brain-bican.org/taxonomy/CCN20230722	https://alleninstitute.github.io/HMBA_BasalGanglia_Consensus_Taxonomy/	HMBA Basal Ganglia Consensus Taxonomy	Nonneuron			BG	Primate	https://purl.brain-bican.org/ontology/CCN20250428/CS20250428_CLASS_0010		DHBA:10332		CL:0000095			EFO:0008992		https://purl.brain-bican.org/taxonomy/CCN20230722/CS20250428_NEIGH_0001.h5ad	CS20250428_NEIGH_0001																														
http://purl.obolibrary.org/obo/PCL_0160010	Astro-Epen	Astro-Epen	Astro-Epen	CL:0000125	NCBITaxon:9443	Primate	DHBA:10332	CS20250428_CLASS_0000	Class	https://purl.brain-bican.org/taxonomy/CCN20230722	https://alleninstitute.github.io/HMBA_BasalGanglia_Consensus_Taxonomy/	HMBA Basal Ganglia Consensus Taxonomy	Nonneuron			BG	Primate	https://purl.brain-bican.org/ontology/CCN20250428/CS20250428_CLASS_0000		DHBA:10332		CL:0000125			EFO:0008992		https://purl.brain-bican.org/taxonomy/CCN20230722/CS20250428_NEIGH_0001.h5ad	CS20250428_NEIGH_0001																														
http://purl.obolibrary.org/obo/PCL_0160018	Immune	Immune	Immune	CL:0000842	NCBITaxon:9443	Primate	DHBA:10332	CS20250428_CLASS_0008	Class	https://purl.brain-bican.org/taxonomy/CCN20230722	https://alleninstitute.github.io/HMBA_BasalGanglia_Consensus_Taxonomy/	HMBA Basal Ganglia Consensus Taxonomy	Nonneuron			BG	Primate	https://purl.brain-bican.org/ontology/CCN20250428/CS20250428_CLASS_0008		DHBA:10332		CL:0000842			EFO:0008992		https://purl.brain-bican.org/taxonomy/CCN20230722/CS20250428_NEIGH_0001.h5ad	CS20250428_NEIGH_0001																														
http://purl.obolibrary.org/obo/PCL_0160021	Vascular	Vascular	Vascular	CL:0002320	NCBITaxon:9443	Primate	DHBA:10332	CS20250428_CLASS_0011	Class	https://purl.brain-bican.org/taxonomy/CCN20230722	https://alleninstitute.github.io/HMBA_BasalGanglia_Consensus_Taxonomy/	HMBA Basal Ganglia Consensus Taxonomy	Nonneuron			BG	Primate	https://purl.brain-bican.org/ontology/CCN20250428/CS20250428_CLASS_0011		DHBA:10332		CL:0002320			EFO:0008992		https://purl.brain-bican.org/taxonomy/CCN20230722/CS20250428_NEIGH_0001.h5ad	CS20250428_NEIGH_0001																														
http://purl.obolibrary.org/obo/CL_4310129	STRd D1 Matrix MSN	STRd D1 Matrix MSN	D1-Matrix|STRd D1 Matrix MSN	CL:4030043	NCBITaxon:9443	Primate	DHBA:10332	CS20250428_GROUP_0049	Group	https://purl.brain-bican.org/taxonomy/CCN20230722	https://doi.org/10.1016/j.cub.2021.10.015|https://alleninstitute.github.io/HMBA_BasalGanglia_Consensus_Taxonomy/	HMBA Basal Ganglia Consensus Taxonomy	STR D1 MSN			BG	Primate	https://purl.brain-bican.org/ontology/CCN20250428/CS20250428_GROUP_0049		DHBA:10332		CL:4030043			EFO:0008992		https://purl.brain-bican.org/taxonomy/CCN20230722/CS20250428_NEIGH_0002.h5ad	CS20250428_NEIGH_0002				http://purl.obolibrary.org/obo/CLM_5050529									DHBA:10333	striatum (STR, 1.0)						https://doi.org/10.1016/j.cub.2021.10.015	DHBA:10333	1.0	Location assignment based on CCF broad region.							
http://purl.obolibrary.org/obo/CL_4310130	STRd D1 Striosome MSN	STRd D1 Striosome MSN	D1-Striosome|STRd D1 Striosome MSN	CL:4030048	NCBITaxon:9443	Primate	DHBA:10332	CS20250428_GROUP_0050	Group	https://purl.brain-bican.org/taxonomy/CCN20230722	https://doi.org/10.1016/j.cub.2021.10.015|https://alleninstitute.github.io/HMBA_BasalGanglia_Consensus_Taxonomy/	HMBA Basal Ganglia Consensus Taxonomy	STR D1 MSN			BG	Primate	https://purl.brain-bican.org/ontology/CCN20250428/CS20250428_GROUP_0050		DHBA:10332		CL:4030048			EFO:0008992		https://purl.brain-bican.org/taxonomy/CCN20230722/CS20250428_NEIGH_0002.h5ad	CS20250428_NEIGH_0002				http://purl.obolibrary.org/obo/CLM_5050530									DHBA:10333	striatum (STR, 1.0)						https://doi.org/10.1016/j.cub.2021.10.015	DHBA:10333	1.0	Location assignment based on CCF broad region.							
http://purl.obolibrary.org/obo/CL_4310132	STRd D2 Matrix MSN	STRd D2 Matrix MSN	D2-Matrix|STRd D2 Matrix MSN	CL:4030047	NCBITaxon:9443	Primate	DHBA:10332	CS20250428_GROUP_0052	Group	https://purl.brain-bican.org/taxonomy/CCN20230722	https://doi.org/10.1016/j.cub.2021.10.015|https://alleninstitute.github.io/HMBA_BasalGanglia_Consensus_Taxonomy/	HMBA Basal Ganglia Consensus Taxonomy	STR D2 MSN			BG	Primate	https://purl.brain-bican.org/ontology/CCN20250428/CS20250428_GROUP_0052		DHBA:10332		CL:4030047			EFO:0008992		https://purl.brain-bican.org/taxonomy/CCN20230722/CS20250428_NEIGH_0002.h5ad	CS20250428_NEIGH_0002				http://purl.obolibrary.org/obo/CLM_5050532									DHBA:10333	striatum (STR, 1.0)						https://doi.org/10.1016/j.cub.2021.10.015	DHBA:10333	1.0	Location assignment based on CCF broad region.							
http://purl.obolibrary.org/obo/CL_4310134	STRd D2 Striosome MSN	STRd D2 Striosome MSN	D2-Striosome|STRd D2 Striosome MSN	CL:4030049	NCBITaxon:9443	Primate	DHBA:10332	CS20250428_GROUP_0054	Group	https://purl.brain-bican.org/taxonomy/CCN20230722	https://doi.org/10.1016/j.cub.2021.10.015|https://alleninstitute.github.io/HMBA_BasalGanglia_Consensus_Taxonomy/	HMBA Basal Ganglia Consensus Taxonomy	STR D2 MSN			BG	Primate	https://purl.brain-bican.org/ontology/CCN20250428/CS20250428_GROUP_0054		DHBA:10332		CL:4030049			EFO:0008992		https://purl.brain-bican.org/taxonomy/CCN20230722/CS20250428_NEIGH_0002.h5ad	CS20250428_NEIGH_0002				http://purl.obolibrary.org/obo/CLM_5050534									DHBA:10333	striatum (STR, 1.0)						https://doi.org/10.1016/j.cub.2021.10.015	DHBA:10333	1.0	Location assignment based on CCF broad region.							
http://purl.obolibrary.org/obo/CL_4310136	STRv D1 MSN	STRv D1 MSN	D1-Shell/OT|STRv D1 MSN	CL:4030051	NCBITaxon:9443	Primate	DHBA:10332	CS20250428_GROUP_0056	Group	https://purl.brain-bican.org/taxonomy/CCN20230722	https://doi.org/10.1016/j.cub.2021.10.015|https://alleninstitute.github.io/HMBA_BasalGanglia_Consensus_Taxonomy/	HMBA Basal Ganglia Consensus Taxonomy	STR D1 MSN			BG	Primate	https://purl.brain-bican.org/ontology/CCN20250428/CS20250428_GROUP_0056		DHBA:10332		CL:4030051			EFO:0008992		https://purl.brain-bican.org/taxonomy/CCN20230722/CS20250428_NEIGH_0002.h5ad	CS20250428_NEIGH_0002				http://purl.obolibrary.org/obo/CLM_5050536									DHBA:10333	striatum (STR, 0.9)						https://doi.org/10.1016/j.cub.2021.10.015	DHBA:10333	0.9	Location assignment based on CCF broad region.							
http://purl.obolibrary.org/obo/CL_4310138	STRv D2 MSN	STRv D2 MSN	D2-Shell/OT|STRv D2 MSN	CL:4030052	NCBITaxon:9443	Primate	DHBA:10332	CS20250428_GROUP_0058	Group	https://purl.brain-bican.org/taxonomy/CCN20230722	https://doi.org/10.1016/j.cub.2021.10.015|https://alleninstitute.github.io/HMBA_BasalGanglia_Consensus_Taxonomy/	HMBA Basal Ganglia Consensus Taxonomy	STR D2 MSN			BG	Primate	https://purl.brain-bican.org/ontology/CCN20250428/CS20250428_GROUP_0058		DHBA:10332		CL:4030052			EFO:0008992		https://purl.brain-bican.org/taxonomy/CCN20230722/CS20250428_NEIGH_0002.h5ad	CS20250428_NEIGH_0002				http://purl.obolibrary.org/obo/CLM_5050538									DHBA:10333	striatum (STR, 0.8)						https://doi.org/10.1016/j.cub.2021.10.015	DHBA:10333	0.8	Location assignment based on CCF broad region.							
http://purl.obolibrary.org/obo/CL_4310133	STRd D2 StrioMat Hybrid MSN	STRd D2 StrioMat Hybrid MSN	STRd D2 StrioMat Hybrid MSN	CL:4023029	NCBITaxon:9443	Primate	DHBA:10332	CS20250428_GROUP_0053	Group	https://purl.brain-bican.org/taxonomy/CCN20230722	https://alleninstitute.github.io/HMBA_BasalGanglia_Consensus_Taxonomy/	HMBA Basal Ganglia Consensus Taxonomy	STR D2 MSN			BG	Primate	https://purl.brain-bican.org/ontology/CCN20250428/CS20250428_GROUP_0053		DHBA:10332					EFO:0008992		https://purl.brain-bican.org/taxonomy/CCN20230722/CS20250428_NEIGH_0002.h5ad	CS20250428_NEIGH_0002													DHBA:10333	striatum (STR, 0.9)							DHBA:10333	0.9	Location assignment based on CCF broad region.							
http://purl.obolibrary.org/obo/CL_4310131	STR D1D2 Hybrid MSN	STR D1D2 Hybrid MSN	D1/D2 Hybrid|STR D1D2 Hybrid MSN	CL:4030050	NCBITaxon:9443	Primate	DHBA:10332	CS20250428_GROUP_0051	Group	https://purl.brain-bican.org/taxonomy/CCN20230722	https://doi.org/10.1016/j.cub.2021.10.015|https://alleninstitute.github.io/HMBA_BasalGanglia_Consensus_Taxonomy/	HMBA Basal Ganglia Consensus Taxonomy	STR Hybrid MSN			BG	Primate	https://purl.brain-bican.org/ontology/CCN20250428/CS20250428_GROUP_0051		DHBA:10332		CL:4030050			EFO:0008992		https://purl.brain-bican.org/taxonomy/CCN20230722/CS20250428_NEIGH_0002.h5ad	CS20250428_NEIGH_0002				http://purl.obolibrary.org/obo/CLM_5050531									DHBA:10333	striatum (STR, 1.0)						https://doi.org/10.1016/j.cub.2021.10.015	DHBA:10333	1.0	Location assignment based on CCF broad region.							
http://purl.obolibrary.org/obo/CL_4310137	STRv D1 NUDAP MSN	STRv D1 NUDAP MSN	D1-NUDAP|STRv D1 NUDAP MSN	CL:4030054	NCBITaxon:9443	Primate	DHBA:10332	CS20250428_GROUP_0057	Group	https://purl.brain-bican.org/taxonomy/CCN20230722	https://doi.org/10.1016/j.cub.2021.10.015|https://alleninstitute.github.io/HMBA_BasalGanglia_Consensus_Taxonomy/	HMBA Basal Ganglia Consensus Taxonomy	STR Hybrid MSN			BG	Primate	https://purl.brain-bican.org/ontology/CCN20250428/CS20250428_GROUP_0057		DHBA:10332		CL:4030054			EFO:0008992		https://purl.brain-bican.org/taxonomy/CCN20230722/CS20250428_NEIGH_0002.h5ad	CS20250428_NEIGH_0002				http://purl.obolibrary.org/obo/CLM_5050537									DHBA:10333	striatum (STR, 0.6)						https://doi.org/10.1016/j.cub.2021.10.015	DHBA:10333	0.6	Location assignment based on CCF broad region.							
http://purl.obolibrary.org/obo/CL_4310104	OT D1 ICj	OT D1 ICj	D1-ICj (Islands of Calleja)|OT D1 ICj|OT Granular GABA	CL:4030053	NCBITaxon:9443	Primate	DHBA:10332	CS20250428_SUBCL_0021|CS20250428_GROUP_0024	Group	https://purl.brain-bican.org/taxonomy/CCN20230722	https://doi.org/10.1016/j.cub.2021.10.015|https://alleninstitute.github.io/HMBA_BasalGanglia_Consensus_Taxonomy/	HMBA Basal Ganglia Consensus Taxonomy	CN LGE GABA			BG	Primate	https://purl.brain-bican.org/ontology/CCN20250428/CS20250428_GROUP_0024		DHBA:10332		CL:4030053			EFO:0008992		https://purl.brain-bican.org/taxonomy/CCN20230722/CS20250428_NEIGH_0002.h5ad	CS20250428_NEIGH_0002				http://purl.obolibrary.org/obo/CLM_5050504									DHBA:10333	striatum (STR, 1.0)						https://doi.org/10.1016/j.cub.2021.10.015	DHBA:10333	1.0	Location assignment based on CCF broad region.							
http://purl.obolibrary.org/obo/CL_4310093	GPe MEIS2-SOX6 GABA	GPe MEIS2-SOX6 GABA	CN MEIS2 GABA|GPe MEIS2-SOX6 GABA	CL:0020010	NCBITaxon:9443	Primate	DHBA:10332	CS20250428_SUBCL_0006|CS20250428_GROUP_0013	Group	https://purl.brain-bican.org/taxonomy/CCN20230722	https://doi.org/10.1016/j.neuron.2015.03.007|https://doi.org/10.1523/JNEUROSCI.4662-14.2015|https://doi.org/10.1038/s41593-023-01368-7|https://alleninstitute.github.io/HMBA_BasalGanglia_Consensus_Taxonomy/	HMBA Basal Ganglia Consensus Taxonomy	CN LGE GABA			BG	Primate	https://purl.brain-bican.org/ontology/CCN20250428/CS20250428_GROUP_0013		DHBA:10332		CL:0020010			EFO:0008992		https://purl.brain-bican.org/taxonomy/CCN20230722/CS20250428_NEIGH_0002.h5ad	CS20250428_NEIGH_0002				http://purl.obolibrary.org/obo/CLM_5050493									DHBA:10333|DHBA:10343	striatum (STR, 0.2), external segment of globus pallidus (GPe, 0.5)					Rationale for assigning this type to reference data: Mapping to the arkypallidal neuron is based on location (GPe), expression of GAD1/2, FOXP2, MEIS2, and NPAS1 and lack of expression of canonical pallidal markers NKX2-1 and LHX6, SST and PV.	https://doi.org/10.1016/j.neuron.2015.03.007|https://doi.org/10.1523/JNEUROSCI.4662-14.2015|https://doi.org/10.1038/s41593-023-01368-7	DHBA:10333	0.2	Location assignment based on CCF broad region.	DHBA:10343	0.5	Location assignment based on CCF broad region.				
http://purl.obolibrary.org/obo/CL_4310146	AMY-SLEA-BNST GABA	AMY-SLEA-BNST GABA	AMY-SLEA-BNST GABA	CL:0011005	NCBITaxon:9443	Primate	DHBA:10332	CS20250428_GROUP_0066	Group	https://purl.brain-bican.org/taxonomy/CCN20230722	https://alleninstitute.github.io/HMBA_BasalGanglia_Consensus_Taxonomy/	HMBA Basal Ganglia Consensus Taxonomy	F GABA			BG	Primate	https://purl.brain-bican.org/ontology/CCN20250428/CS20250428_GROUP_0066		DHBA:10332		CL:0011005			EFO:0008992		https://purl.brain-bican.org/taxonomy/CCN20230722/CS20250428_NEIGH_0002.h5ad	CS20250428_NEIGH_0002													DHBA:10333	striatum (STR, 0.1)							DHBA:10333	0.1	Location assignment based on CCF broad region.							
http://purl.obolibrary.org/obo/CL_4310145	AMY-SLEA-BNST D1 GABA	AMY-SLEA-BNST D1 GABA	AMY-SLEA-BNST D1 GABA	CL:0011005	NCBITaxon:9443	Primate	DHBA:10332	CS20250428_GROUP_0065	Group	https://purl.brain-bican.org/taxonomy/CCN20230722	https://alleninstitute.github.io/HMBA_BasalGanglia_Consensus_Taxonomy/	HMBA Basal Ganglia Consensus Taxonomy	F GABA			BG	Primate	https://purl.brain-bican.org/ontology/CCN20250428/CS20250428_GROUP_0065		DHBA:10332		CL:0011005			EFO:0008992		https://purl.brain-bican.org/taxonomy/CCN20230722/CS20250428_NEIGH_0002.h5ad	CS20250428_NEIGH_0002													DHBA:10333	striatum (STR, 0.4)							DHBA:10333	0.4	Location assignment based on CCF broad region.							
http://purl.obolibrary.org/obo/CL_4310114	SN SEMA5A GABA	SN SEMA5A GABA	SN SEMA5A GABA	CL:0011005	NCBITaxon:9443	Primate	DHBA:10332	CS20250428_GROUP_0034	Group	https://purl.brain-bican.org/taxonomy/CCN20230722	https://alleninstitute.github.io/HMBA_BasalGanglia_Consensus_Taxonomy/	HMBA Basal Ganglia Consensus Taxonomy	SN PAX7 GABA			BG	Primate	https://purl.brain-bican.org/ontology/CCN20250428/CS20250428_GROUP_0034		DHBA:10332		CL:0011005			EFO:0008992		https://purl.brain-bican.org/taxonomy/CCN20230722/CS20250428_NEIGH_0002.h5ad	CS20250428_NEIGH_0002													DHBA:10333|DHBA:10466|DHBA:12251	striatum (STR, 0.3), subthalamic nucleus (STH, 0.1), substantia nigra (SN, 0.1)							DHBA:10333	0.3	Location assignment based on CCF broad region.	DHBA:10466	0.1	Location assignment based on CCF broad region.	DHBA:12251	0.1	Location assignment based on CCF broad region.	
http://purl.obolibrary.org/obo/CL_4310110	SN EBF2 GABA	SN EBF2 GABA	SN EBF2 GABA	CL:0011005	NCBITaxon:9443	Primate	DHBA:10332	CS20250428_GROUP_0030	Group	https://purl.brain-bican.org/taxonomy/CCN20230722	https://alleninstitute.github.io/HMBA_BasalGanglia_Consensus_Taxonomy/	HMBA Basal Ganglia Consensus Taxonomy	SN PAX7 GABA			BG	Primate	https://purl.brain-bican.org/ontology/CCN20250428/CS20250428_GROUP_0030		DHBA:10332		CL:0011005			EFO:0008992		https://purl.brain-bican.org/taxonomy/CCN20230722/CS20250428_NEIGH_0002.h5ad	CS20250428_NEIGH_0002													DHBA:10333|DHBA:12251	striatum (STR, 0.2), substantia nigra (SN, 0.1)							DHBA:10333	0.2	Location assignment based on CCF broad region.	DHBA:12251	0.1	Location assignment based on CCF broad region.				
http://purl.obolibrary.org/obo/CL_4310148	OB FRMD7 GABA	OB FRMD7 GABA	OB FRMD7 GABA	CL:0000617	NCBITaxon:9443	Primate	DHBA:10332	CS20250428_GROUP_0068	Group	https://purl.brain-bican.org/taxonomy/CCN20230722	https://alleninstitute.github.io/HMBA_BasalGanglia_Consensus_Taxonomy/	HMBA Basal Ganglia Consensus Taxonomy	ACx MEIS2 GABA			BG	Primate	https://purl.brain-bican.org/ontology/CCN20250428/CS20250428_GROUP_0068		DHBA:10332		CL:0000617			EFO:0008992		https://purl.brain-bican.org/taxonomy/CCN20230722/CS20250428_NEIGH_0002.h5ad	CS20250428_NEIGH_0002													DHBA:10333	striatum (STR, 0.6)							DHBA:10333	0.6	Location assignment based on CCF broad region.							
http://purl.obolibrary.org/obo/CL_4310147	OB Dopa-GABA	OB Dopa-GABA	OB Dopa-GABA	CL:0020006	NCBITaxon:9443	Primate	DHBA:10332	CS20250428_GROUP_0067	Group	https://purl.brain-bican.org/taxonomy/CCN20230722	https://alleninstitute.github.io/HMBA_BasalGanglia_Consensus_Taxonomy/	HMBA Basal Ganglia Consensus Taxonomy	ACx MEIS2 GABA			BG	Primate	https://purl.brain-bican.org/ontology/CCN20250428/CS20250428_GROUP_0067		DHBA:10332		CL:0020006			EFO:0008992		https://purl.brain-bican.org/taxonomy/CCN20230722/CS20250428_NEIGH_0002.h5ad	CS20250428_NEIGH_0002													DHBA:10333	striatum (STR, 0.5)							DHBA:10333	0.5	Location assignment based on CCF broad region.							
http://purl.obolibrary.org/obo/CL_4310095	GPi Core	GPi Core	CN ONECUT1 GABA|GPi Core	CL:0020003	NCBITaxon:9443	Primate	DHBA:10332	CS20250428_SUBCL_0007|CS20250428_GROUP_0015	Group	https://purl.brain-bican.org/taxonomy/CCN20230722	https://doi.org/10.1523/ENEURO.0208-22.2022|https://doi.org/10.1016/j.neuron.2017.03.017|https://alleninstitute.github.io/HMBA_BasalGanglia_Consensus_Taxonomy/	HMBA Basal Ganglia Consensus Taxonomy	F M GABA			BG	Primate	https://purl.brain-bican.org/ontology/CCN20250428/CS20250428_GROUP_0015		DHBA:10332		CL:0020003			EFO:0008992		https://purl.brain-bican.org/taxonomy/CCN20230722/CS20250428_NEIGH_0002.h5ad	CS20250428_NEIGH_0002				http://purl.obolibrary.org/obo/CLM_5050495									DHBA:10344	internal segment of globus pallidus (GPi, 0.9)					Rationale for assigning this type to reference data: Mapping to the general GPi core cell type is based on location (to GPi, nested inside GPi shell neurons), predicted neurotransmitter (GABA), and expression of Pvalb.	https://doi.org/10.1523/ENEURO.0208-22.2022|https://doi.org/10.1016/j.neuron.2017.03.017	DHBA:10344	0.9	Location assignment based on CCF broad region.							
http://purl.obolibrary.org/obo/CL_4310113	SN GATA3-PVALB GABA	SN GATA3-PVALB GABA	SN GATA3-PVALB GABA|aSNpr	CL:0000617	NCBITaxon:9443	Primate	DHBA:10332	CS20250428_GROUP_0033	Group	https://purl.brain-bican.org/taxonomy/CCN20230722	https://alleninstitute.github.io/HMBA_BasalGanglia_Consensus_Taxonomy/|https://doi.org/10.3389/fnins.2022.976209	HMBA Basal Ganglia Consensus Taxonomy	F M GATA3 GABA			BG	Primate	https://purl.brain-bican.org/ontology/CCN20250428/CS20250428_GROUP_0033		DHBA:10332		CL:0000617			EFO:0008992		https://purl.brain-bican.org/taxonomy/CCN20230722/CS20250428_NEIGH_0002.h5ad	CS20250428_NEIGH_0002				http://purl.obolibrary.org/obo/CLM_5050513									DHBA:12251	substantia nigra (SN, 0.8)						https://doi.org/10.3389/fnins.2022.976209	DHBA:12251	0.8	Location assignment based on CCF broad region.							
http://purl.obolibrary.org/obo/CL_4310094	GPe SOX6-CTXND1 GABA	GPe SOX6-CTXND1 GABA	GPe SOX6-CTXND1 GABA	CL:0020009	NCBITaxon:9443	Primate	DHBA:10332	CS20250428_GROUP_0014	Group	https://purl.brain-bican.org/taxonomy/CCN20230722	https://doi.org/10.1016/j.neuron.2015.03.007|https://alleninstitute.github.io/HMBA_BasalGanglia_Consensus_Taxonomy/	HMBA Basal Ganglia Consensus Taxonomy	CN LHX8 GABA			BG	Primate	https://purl.brain-bican.org/ontology/CCN20250428/CS20250428_GROUP_0014		DHBA:10332		CL:0020009			EFO:0008992		https://purl.brain-bican.org/taxonomy/CCN20230722/CS20250428_NEIGH_0002.h5ad	CS20250428_NEIGH_0002				http://purl.obolibrary.org/obo/CLM_5050494									DHBA:10333|DHBA:10343	striatum (STR, 0.1), external segment of globus pallidus (GPe, 0.8)					Rationale for assigning this type to reference data: Mapping to the general type of prototypic neuron is based on location (GPe) and expression of Nkx2-1.	https://doi.org/10.1016/j.neuron.2015.03.007	DHBA:10333	0.1	Location assignment based on CCF broad region.	DHBA:10343	0.8	Location assignment based on CCF broad region.				
http://purl.obolibrary.org/obo/CL_4310143	ZI-HTH GABA	ZI-HTH GABA	ZI-HTH GABA	CL:0011005	NCBITaxon:9443	Primate	DHBA:10332	CS20250428_GROUP_0063	Group	https://purl.brain-bican.org/taxonomy/CCN20230722	https://alleninstitute.github.io/HMBA_BasalGanglia_Consensus_Taxonomy/	HMBA Basal Ganglia Consensus Taxonomy	F GABA			BG	Primate	https://purl.brain-bican.org/ontology/CCN20250428/CS20250428_GROUP_0063		DHBA:10332		CL:0011005			EFO:0008992		https://purl.brain-bican.org/taxonomy/CCN20230722/CS20250428_NEIGH_0002.h5ad	CS20250428_NEIGH_0002													DHBA:12251	substantia nigra (SN, 0.5)							DHBA:12251	0.5	Location assignment based on CCF broad region.							
http://purl.obolibrary.org/obo/CL_4310117	SN-VTR-HTH GATA3-TCF7L2 GABA	SN-VTR-HTH GATA3-TCF7L2 GABA	SN-VTR-HTH GATA3-TCF7L2 GABA	CL:0011005	NCBITaxon:9443	Primate	DHBA:10332	CS20250428_GROUP_0037	Group	https://purl.brain-bican.org/taxonomy/CCN20230722	https://alleninstitute.github.io/HMBA_BasalGanglia_Consensus_Taxonomy/	HMBA Basal Ganglia Consensus Taxonomy	F M GATA3 GABA			BG	Primate	https://purl.brain-bican.org/ontology/CCN20250428/CS20250428_GROUP_0037		DHBA:10332		CL:0011005			EFO:0008992		https://purl.brain-bican.org/taxonomy/CCN20230722/CS20250428_NEIGH_0002.h5ad	CS20250428_NEIGH_0002													DHBA:12251	substantia nigra (SN, 0.5)							DHBA:12251	0.5	Location assignment based on CCF broad region.							
http://purl.obolibrary.org/obo/CL_4310112	SN GATA3-PAX8 GABA	SN GATA3-PAX8 GABA	SN GATA3-PAX8 GABA|pSNpr	CL:0011005	NCBITaxon:9443	Primate	DHBA:10332	CS20250428_GROUP_0032	Group	https://purl.brain-bican.org/taxonomy/CCN20230722	https://alleninstitute.github.io/HMBA_BasalGanglia_Consensus_Taxonomy/|https://doi.org/10.3389/fnins.2022.976209	HMBA Basal Ganglia Consensus Taxonomy	F M GATA3 GABA			BG	Primate	https://purl.brain-bican.org/ontology/CCN20250428/CS20250428_GROUP_0032		DHBA:10332		CL:0011005			EFO:0008992		https://purl.brain-bican.org/taxonomy/CCN20230722/CS20250428_NEIGH_0002.h5ad	CS20250428_NEIGH_0002				http://purl.obolibrary.org/obo/CLM_5050512									DHBA:12251	substantia nigra (SN, 0.9)						https://doi.org/10.3389/fnins.2022.976209	DHBA:12251	0.9	Location assignment based on CCF broad region.							
http://purl.obolibrary.org/obo/CL_4310100	GPe-NDB-SI LHX6-LHX8-GBX1 GABA	GPe-NDB-SI LHX6-LHX8-GBX1 GABA	GPe-NDB-SI LHX6-LHX8-GBX1 GABA	CL:0011005	NCBITaxon:9443	Primate	DHBA:10332	CS20250428_GROUP_0020	Group	https://purl.brain-bican.org/taxonomy/CCN20230722	https://alleninstitute.github.io/HMBA_BasalGanglia_Consensus_Taxonomy/	HMBA Basal Ganglia Consensus Taxonomy	CN LHX8 GABA			BG	Primate	https://purl.brain-bican.org/ontology/CCN20250428/CS20250428_GROUP_0020		DHBA:10332		CL:0011005			EFO:0008992		https://purl.brain-bican.org/taxonomy/CCN20230722/CS20250428_NEIGH_0002.h5ad	CS20250428_NEIGH_0002													DHBA:10333|DHBA:10343	striatum (STR, 0.2), external segment of globus pallidus (GPe, 0.2)							DHBA:10333	0.2	Location assignment based on CCF broad region.	DHBA:10343	0.2	Location assignment based on CCF broad region.				
http://purl.obolibrary.org/obo/CL_4310127	VIP GABA	VIP GABA	CN VIP GABA|VIP|VIP GABA	CL:4023016	NCBITaxon:9443	Primate	DHBA:10332	CS20250428_SUBCL_0009|CS20250428_GROUP_0047	Group	https://purl.brain-bican.org/taxonomy/CCN20230722	https://doi.org/10.1038/s41586-020-2874-8|https://alleninstitute.github.io/HMBA_BasalGanglia_Consensus_Taxonomy/	HMBA Basal Ganglia Consensus Taxonomy	CN CGE GABA			BG	Primate	https://purl.brain-bican.org/ontology/CCN20250428/CS20250428_GROUP_0047		DHBA:10332		CL:4023016			EFO:0008992		https://purl.brain-bican.org/taxonomy/CCN20230722/CS20250428_NEIGH_0002.h5ad	CS20250428_NEIGH_0002				http://purl.obolibrary.org/obo/CLM_5050527									DHBA:10333	striatum (STR, 0.5)						https://doi.org/10.1038/s41586-020-2874-8	DHBA:10333	0.5	Location assignment based on CCF broad region.							
http://purl.obolibrary.org/obo/CL_4310084	LAMP5-CXCL14 GABA	LAMP5-CXCL14 GABA	CN LAMP5-CXCL14 GABA|LAMP5|LAMP5-CXCL14 GABA	CL:4023011	NCBITaxon:9443	Primate	DHBA:10332	CS20250428_SUBCL_0002|CS20250428_GROUP_0004	Group	https://purl.brain-bican.org/taxonomy/CCN20230722	https://alleninstitute.github.io/HMBA_BasalGanglia_Consensus_Taxonomy/	HMBA Basal Ganglia Consensus Taxonomy	CN CGE GABA			BG	Primate	https://purl.brain-bican.org/ontology/CCN20250428/CS20250428_GROUP_0004		DHBA:10332		CL:4023011			EFO:0008992		https://purl.brain-bican.org/taxonomy/CCN20230722/CS20250428_NEIGH_0002.h5ad	CS20250428_NEIGH_0002				http://purl.obolibrary.org/obo/CLM_5050484									DHBA:10333	striatum (STR, 0.5)							DHBA:10333	0.5	Location assignment based on CCF broad region.							
http://purl.obolibrary.org/obo/CL_4310123	STR SST-CHODL GABA	STR SST-CHODL GABA	LTS|STR SST-CHODL GABA|Sst Chodl	CL:4023121	NCBITaxon:9443	Primate	DHBA:10332	CS20250428_SUBCL_0033|CS20250428_GROUP_0043	Group	https://purl.brain-bican.org/taxonomy/CCN20230722	https://doi.org/10.1038/s41586-020-2874-8|https://alleninstitute.github.io/HMBA_BasalGanglia_Consensus_Taxonomy/	HMBA Basal Ganglia Consensus Taxonomy	CN MGE GABA			BG	Primate	https://purl.brain-bican.org/ontology/CCN20250428/CS20250428_GROUP_0043		DHBA:10332		CL:4023121			EFO:0008992		https://purl.brain-bican.org/taxonomy/CCN20230722/CS20250428_NEIGH_0002.h5ad	CS20250428_NEIGH_0002				http://purl.obolibrary.org/obo/CLM_5050523									DHBA:10333	striatum (STR, 0.8)						https://doi.org/10.1038/s41586-020-2874-8	DHBA:10333	0.8	Location assignment based on CCF broad region.							
http://purl.obolibrary.org/obo/CL_4310124	STR SST-RSPO2 GABA	STR SST-RSPO2 GABA	STR SST-RSPO2 GABA	CL:4023017	NCBITaxon:9443	Primate	DHBA:10332	CS20250428_GROUP_0044	Group	https://purl.brain-bican.org/taxonomy/CCN20230722	https://alleninstitute.github.io/HMBA_BasalGanglia_Consensus_Taxonomy/	HMBA Basal Ganglia Consensus Taxonomy	STR RSPO2 GABA			BG	Primate	https://purl.brain-bican.org/ontology/CCN20250428/CS20250428_GROUP_0044		DHBA:10332		CL:4023017			EFO:0008992		https://purl.brain-bican.org/taxonomy/CCN20230722/CS20250428_NEIGH_0002.h5ad	CS20250428_NEIGH_0002													DHBA:10333	striatum (STR, 0.4)							DHBA:10333	0.4	Location assignment based on CCF broad region.							
http://purl.obolibrary.org/obo/CL_4310121	STR LYPD6-RSPO2 GABA	STR LYPD6-RSPO2 GABA	STR LYPD6-RSPO2 GABA	CL:0011005	NCBITaxon:9443	Primate	DHBA:10332	CS20250428_GROUP_0041	Group	https://purl.brain-bican.org/taxonomy/CCN20230722	https://alleninstitute.github.io/HMBA_BasalGanglia_Consensus_Taxonomy/	HMBA Basal Ganglia Consensus Taxonomy	STR RSPO2 GABA			BG	Primate	https://purl.brain-bican.org/ontology/CCN20250428/CS20250428_GROUP_0041		DHBA:10332		CL:0011005			EFO:0008992		https://purl.brain-bican.org/taxonomy/CCN20230722/CS20250428_NEIGH_0002.h5ad	CS20250428_NEIGH_0002													DHBA:10333	striatum (STR, 0.3)							DHBA:10333	0.3	Location assignment based on CCF broad region.							
http://purl.obolibrary.org/obo/CL_4310122	STR SST-ADARB2 GABA	STR SST-ADARB2 GABA	STR SST GABA|STR SST-ADARB2 GABA	CL:4023017	NCBITaxon:9443	Primate	DHBA:10332	CS20250428_SUBCL_0032|CS20250428_GROUP_0042	Group	https://purl.brain-bican.org/taxonomy/CCN20230722	https://alleninstitute.github.io/HMBA_BasalGanglia_Consensus_Taxonomy/	HMBA Basal Ganglia Consensus Taxonomy	CN MGE GABA			BG	Primate	https://purl.brain-bican.org/ontology/CCN20250428/CS20250428_GROUP_0042		DHBA:10332		CL:4023017			EFO:0008992		https://purl.brain-bican.org/taxonomy/CCN20230722/CS20250428_NEIGH_0002.h5ad	CS20250428_NEIGH_0002													DHBA:10333	striatum (STR, 0.1)							DHBA:10333	0.1	Location assignment based on CCF broad region.							
http://purl.obolibrary.org/obo/CL_4310085	LAMP5-LHX6 GABA	LAMP5-LHX6 GABA	CN LAMP5-LHX6 GABA|LAMP5-LHX6 GABA	CL:4042013	NCBITaxon:9443	Primate	DHBA:10332	CS20250428_SUBCL_0003|CS20250428_GROUP_0005	Group	https://purl.brain-bican.org/taxonomy/CCN20230722	https://alleninstitute.github.io/HMBA_BasalGanglia_Consensus_Taxonomy/	HMBA Basal Ganglia Consensus Taxonomy	CN MGE GABA			BG	Primate	https://purl.brain-bican.org/ontology/CCN20250428/CS20250428_GROUP_0005		DHBA:10332		CL:4042013			EFO:0008992		https://purl.brain-bican.org/taxonomy/CCN20230722/CS20250428_NEIGH_0002.h5ad	CS20250428_NEIGH_0002				http://purl.obolibrary.org/obo/CLM_5050485									DHBA:10333	striatum (STR, 0.5)							DHBA:10333	0.5	Location assignment based on CCF broad region.							
http://purl.obolibrary.org/obo/CL_4310120	STR FS PTHLH-PVALB GABA	STR FS PTHLH-PVALB GABA	FS|Pvalb Pthlh|STR FS PTHLH-PVALB GABA	CL:4042023	NCBITaxon:9443	Primate	DHBA:10332	CS20250428_GROUP_0040	Group	https://purl.brain-bican.org/taxonomy/CCN20230722	https://doi.org/10.1016/j.celrep.2018.07.053|https://alleninstitute.github.io/HMBA_BasalGanglia_Consensus_Taxonomy/	HMBA Basal Ganglia Consensus Taxonomy	CN ST18 GABA			BG	Primate	https://purl.brain-bican.org/ontology/CCN20250428/CS20250428_GROUP_0040		DHBA:10332		CL:4042023			EFO:0008992		https://purl.brain-bican.org/taxonomy/CCN20230722/CS20250428_NEIGH_0002.h5ad	CS20250428_NEIGH_0002				http://purl.obolibrary.org/obo/CLM_5050520									DHBA:10333	striatum (STR, 0.9)						https://doi.org/10.1016/j.celrep.2018.07.053	DHBA:10333	0.9	Location assignment based on CCF broad region.							
http://purl.obolibrary.org/obo/CL_4310125	STR TAC3-PLPP4 GABA	STR TAC3-PLPP4 GABA	LHX6 TAC3|STR TAC3-PLPP4 GABA	CL:4042001	NCBITaxon:9443	Primate	DHBA:10332	CS20250428_GROUP_0045	Group	https://purl.brain-bican.org/taxonomy/CCN20230722	https://doi.org/10.1038/s41586-020-2874-8|https://alleninstitute.github.io/HMBA_BasalGanglia_Consensus_Taxonomy/	HMBA Basal Ganglia Consensus Taxonomy	CN ST18 GABA			BG	Primate	https://purl.brain-bican.org/ontology/CCN20250428/CS20250428_GROUP_0045		DHBA:10332		CL:4042001			EFO:0008992		https://purl.brain-bican.org/taxonomy/CCN20230722/CS20250428_NEIGH_0002.h5ad	CS20250428_NEIGH_0002				http://purl.obolibrary.org/obo/CLM_5050525									DHBA:10333	striatum (STR, 0.9)						https://doi.org/10.1038/s41586-020-2874-8	DHBA:10333	0.9	Location assignment based on CCF broad region.							
http://purl.obolibrary.org/obo/CL_4310126	STR-BF TAC3-PLPP4-LHX8 GABA	STR-BF TAC3-PLPP4-LHX8 GABA	STR-BF TAC3-PLPP4-LHX8 GABA	CL:4042001	NCBITaxon:9443	Primate	DHBA:10332	CS20250428_GROUP_0046	Group	https://purl.brain-bican.org/taxonomy/CCN20230722	https://alleninstitute.github.io/HMBA_BasalGanglia_Consensus_Taxonomy/	HMBA Basal Ganglia Consensus Taxonomy	CN ST18 GABA			BG	Primate	https://purl.brain-bican.org/ontology/CCN20250428/CS20250428_GROUP_0046		DHBA:10332		CL:4042001			EFO:0008992		https://purl.brain-bican.org/taxonomy/CCN20230722/CS20250428_NEIGH_0002.h5ad	CS20250428_NEIGH_0002													DHBA:10333	striatum (STR, 0.7)							DHBA:10333	0.7	Location assignment based on CCF broad region.							
http://purl.obolibrary.org/obo/CL_4310083	GPin-BF Cholinergic GABA	GPin-BF Cholinergic GABA	GPin-BF Cholinergic GABA	CL:0008061	NCBITaxon:9443	Primate	DHBA:10332	CS20250428_GROUP_0003	Group	https://purl.brain-bican.org/taxonomy/CCN20230722	https://alleninstitute.github.io/HMBA_BasalGanglia_Consensus_Taxonomy/	HMBA Basal Ganglia Consensus Taxonomy	CN Cholinergic GABA			BG	Primate	https://purl.brain-bican.org/ontology/CCN20250428/CS20250428_GROUP_0003		DHBA:10332		CL:0008061			EFO:0008992		https://purl.brain-bican.org/taxonomy/CCN20230722/CS20250428_NEIGH_0002.h5ad	CS20250428_NEIGH_0002													DHBA:10333|DHBA:10343	striatum (STR, 0.2), external segment of globus pallidus (GPe, 0.1)							DHBA:10333	0.2	Location assignment based on CCF broad region.	DHBA:10343	0.1	Location assignment based on CCF broad region.				
http://purl.obolibrary.org/obo/CL_4310135	STR Cholinergic GABA	STR Cholinergic GABA	STR Cholinergic GABA	CL:0020008	NCBITaxon:9443	Primate	DHBA:10332	CS20250428_GROUP_0055	Group	https://purl.brain-bican.org/taxonomy/CCN20230722	https://alleninstitute.github.io/HMBA_BasalGanglia_Consensus_Taxonomy/	HMBA Basal Ganglia Consensus Taxonomy	CN Cholinergic GABA			BG	Primate	https://purl.brain-bican.org/ontology/CCN20250428/CS20250428_GROUP_0055		DHBA:10332		CL:0020008			EFO:0008992		https://purl.brain-bican.org/taxonomy/CCN20230722/CS20250428_NEIGH_0002.h5ad	CS20250428_NEIGH_0002													DHBA:10333	striatum (STR, 0.6)							DHBA:10333	0.6	Location assignment based on CCF broad region.							
http://purl.obolibrary.org/obo/CL_4310128	STRd Cholinergic GABA	STRd Cholinergic GABA	STRd Cholinergic GABA	CL:0020007	NCBITaxon:9443	Primate	DHBA:10332	CS20250428_GROUP_0048	Group	https://purl.brain-bican.org/taxonomy/CCN20230722	https://alleninstitute.github.io/HMBA_BasalGanglia_Consensus_Taxonomy/	HMBA Basal Ganglia Consensus Taxonomy	CN Cholinergic GABA			BG	Primate	https://purl.brain-bican.org/ontology/CCN20250428/CS20250428_GROUP_0048		DHBA:10332		CL:0020007			EFO:0008992		https://purl.brain-bican.org/taxonomy/CCN20230722/CS20250428_NEIGH_0002.h5ad	CS20250428_NEIGH_0002													DHBA:10333	striatum (STR, 1.0)							DHBA:10333	1.0	Location assignment based on CCF broad region.							
http://purl.obolibrary.org/obo/CL_4310111	SN-VTR GAD2 Dopa	SN-VTR GAD2 Dopa	SN-VTR GAD2 Dopa	CL:0000700	NCBITaxon:9443	Primate	DHBA:10332	CS20250428_GROUP_0031	Group	https://purl.brain-bican.org/taxonomy/CCN20230722	https://doi.org/10.1101/2024.06.06.597807|https://alleninstitute.github.io/HMBA_BasalGanglia_Consensus_Taxonomy/	HMBA Basal Ganglia Consensus Taxonomy	M Dopa			BG	Primate	https://purl.brain-bican.org/ontology/CCN20250428/CS20250428_GROUP_0031		DHBA:10332		CL:0000700			EFO:0008992		https://purl.brain-bican.org/taxonomy/CCN20230722/CS20250428_NEIGH_0000.h5ad	CS20250428_NEIGH_0000				http://purl.obolibrary.org/obo/CLM_5050511									DHBA:10333|DHBA:12251	striatum (STR, 0.1), substantia nigra (SN, 0.3)						https://doi.org/10.1101/2024.06.06.597807	DHBA:10333	0.1	Location assignment based on CCF broad region.	DHBA:12251	0.3	Location assignment based on CCF broad region.				
http://purl.obolibrary.org/obo/CL_4310115	SN SOX6 Dopa	SN SOX6 Dopa	SN SOX6 Dopa	CL:4042025	NCBITaxon:9443	Primate	DHBA:10332	CS20250428_GROUP_0035	Group	https://purl.brain-bican.org/taxonomy/CCN20230722	https://doi.org/10.1038/s41593-022-01061-1|https://alleninstitute.github.io/HMBA_BasalGanglia_Consensus_Taxonomy/	HMBA Basal Ganglia Consensus Taxonomy	M Dopa			BG	Primate	https://purl.brain-bican.org/ontology/CCN20250428/CS20250428_GROUP_0035		DHBA:10332		CL:4042025			EFO:0008992		https://purl.brain-bican.org/taxonomy/CCN20230722/CS20250428_NEIGH_0000.h5ad	CS20250428_NEIGH_0000				http://purl.obolibrary.org/obo/CLM_5050515									DHBA:12251	substantia nigra (SN, 0.9)						https://doi.org/10.1038/s41593-022-01061-1	DHBA:12251	0.9	Location assignment based on CCF broad region.							
http://purl.obolibrary.org/obo/CL_4310109	SN-VTR CALB1 Dopa	SN-VTR CALB1 Dopa	SN-VTR CALB1 Dopa	CL:4042025	NCBITaxon:9443	Primate	DHBA:10332	CS20250428_GROUP_0029	Group	https://purl.brain-bican.org/taxonomy/CCN20230722	https://doi.org/10.1038/s41467-020-17876-0|https://alleninstitute.github.io/HMBA_BasalGanglia_Consensus_Taxonomy/	HMBA Basal Ganglia Consensus Taxonomy	M Dopa			BG	Primate	https://purl.brain-bican.org/ontology/CCN20250428/CS20250428_GROUP_0029		DHBA:10332		CL:4042025			EFO:0008992		https://purl.brain-bican.org/taxonomy/CCN20230722/CS20250428_NEIGH_0000.h5ad	CS20250428_NEIGH_0000				http://purl.obolibrary.org/obo/CLM_5050509									DHBA:12251	substantia nigra (SN, 0.7)						https://doi.org/10.1038/s41467-020-17876-0	DHBA:12251	0.7	Location assignment based on CCF broad region.							
http://purl.obolibrary.org/obo/CL_4310088	BF SKOR1 Glut	BF SKOR1 Glut	BF SKOR1 Glut	CL:4042040	NCBITaxon:9443	Primate	DHBA:10332	CS20250428_GROUP_0008	Group	https://purl.brain-bican.org/taxonomy/CCN20230722	https://alleninstitute.github.io/HMBA_BasalGanglia_Consensus_Taxonomy/	HMBA Basal Ganglia Consensus Taxonomy	F Glut			BG	Primate	https://purl.brain-bican.org/ontology/CCN20250428/CS20250428_GROUP_0008		DHBA:10332		CL:4042040			EFO:0008992		https://purl.brain-bican.org/taxonomy/CCN20230722/CS20250428_NEIGH_0000.h5ad	CS20250428_NEIGH_0000													DHBA:10333|DHBA:10343	striatum (STR, 0.2), external segment of globus pallidus (GPe, 0.1)							DHBA:10333	0.2	Location assignment based on CCF broad region.	DHBA:10343	0.1	Location assignment based on CCF broad region.				
http://purl.obolibrary.org/obo/CL_4310144	VTR-HTH Glut	VTR-HTH Glut	F M Glut|VTR-HTH Glut	CL:4042040	NCBITaxon:9443	Primate	DHBA:10332	CS20250428_SUBCL_0017|CS20250428_GROUP_0064	Group	https://purl.brain-bican.org/taxonomy/CCN20230722	https://alleninstitute.github.io/HMBA_BasalGanglia_Consensus_Taxonomy/	HMBA Basal Ganglia Consensus Taxonomy	F M Glut			BG	Primate	https://purl.brain-bican.org/ontology/CCN20250428/CS20250428_GROUP_0064		DHBA:10332		CL:4042040			EFO:0008992		https://purl.brain-bican.org/taxonomy/CCN20230722/CS20250428_NEIGH_0000.h5ad	CS20250428_NEIGH_0000				http://purl.obolibrary.org/obo/CLM_5050544									DHBA:10333|DHBA:10466|DHBA:12251	striatum (STR, 0.1), subthalamic nucleus (STH, 0.1), substantia nigra (SN, 0.2)							DHBA:10333	0.1	Location assignment based on CCF broad region.	DHBA:10466	0.1	Location assignment based on CCF broad region.	DHBA:12251	0.2	Location assignment based on CCF broad region.	
http://purl.obolibrary.org/obo/CL_4310118	STH PVALB-PITX2 Glut	STH PVALB-PITX2 Glut	STH PVALB-PITX2 Glut	CL:4042040	NCBITaxon:9443	Primate	DHBA:10332	CS20250428_GROUP_0038	Group	https://purl.brain-bican.org/taxonomy/CCN20230722	https://alleninstitute.github.io/HMBA_BasalGanglia_Consensus_Taxonomy/|https://doi.org/10.1038/s41586-023-06812-z	HMBA Basal Ganglia Consensus Taxonomy	F Glut			BG	Primate	https://purl.brain-bican.org/ontology/CCN20250428/CS20250428_GROUP_0038		DHBA:10332		CL:4042040			EFO:0008992		https://purl.brain-bican.org/taxonomy/CCN20230722/CS20250428_NEIGH_0000.h5ad	CS20250428_NEIGH_0000													DHBA:10466	subthalamic nucleus (STH, 0.9)						https://doi.org/10.1038/s41586-023-06812-z	DHBA:10466	0.9	Location assignment based on CCF broad region.							
http://purl.obolibrary.org/obo/PCL_0160113	OPC	OPC	OPC	CL:0002453	NCBITaxon:9443	Primate	DHBA:10332	CS20250428_SUBCL_0020|CS20250428_GROUP_0023	Group	https://purl.brain-bican.org/taxonomy/CCN20230722	https://doi.org/10.1126/science.add7046|https://alleninstitute.github.io/HMBA_BasalGanglia_Consensus_Taxonomy/	HMBA Basal Ganglia Consensus Taxonomy	OPC-Oligo			BG	Primate	https://purl.brain-bican.org/ontology/CCN20250428/CS20250428_GROUP_0023		DHBA:10332		CL:0002453			EFO:0008992		https://purl.brain-bican.org/taxonomy/CCN20230722/CS20250428_NEIGH_0001.h5ad	CS20250428_NEIGH_0001				http://purl.obolibrary.org/obo/PCL_0160923									DHBA:10333|DHBA:10343	striatum (STR, 0.5), external segment of globus pallidus (GPe, 0.1)						https://doi.org/10.1126/science.add7046	DHBA:10333	0.5	Location assignment based on CCF broad region.	DHBA:10343	0.1	Location assignment based on CCF broad region.				
http://purl.obolibrary.org/obo/PCL_0160099	COP	COP	COP	CL:4023059	NCBITaxon:9443	Primate	DHBA:10332	CS20250428_SUBCL_0010|CS20250428_GROUP_0009	Group	https://purl.brain-bican.org/taxonomy/CCN20230722	https://alleninstitute.github.io/HMBA_BasalGanglia_Consensus_Taxonomy/|https://doi.org/10.1126/science.aaf6463	HMBA Basal Ganglia Consensus Taxonomy	OPC-Oligo			BG	Primate	https://purl.brain-bican.org/ontology/CCN20250428/CS20250428_GROUP_0009		DHBA:10332		CL:4023059			EFO:0008992		https://purl.brain-bican.org/taxonomy/CCN20230722/CS20250428_NEIGH_0001.h5ad	CS20250428_NEIGH_0001				http://purl.obolibrary.org/obo/PCL_0160909									DHBA:10333|DHBA:10343	striatum (STR, 0.6), external segment of globus pallidus (GPe, 0.1)						https://doi.org/10.1126/science.aaf6463	DHBA:10333	0.6	Location assignment based on CCF broad region.	DHBA:10343	0.1	Location assignment based on CCF broad region.				
http://purl.obolibrary.org/obo/PCL_0160108	ImOligo	ImOligo	ImOligo	CL:4042031	NCBITaxon:9443	Primate	DHBA:10332	CS20250428_GROUP_0018	Group	https://purl.brain-bican.org/taxonomy/CCN20230722	https://doi.org/10.1038/s41586-019-0903-2|https://alleninstitute.github.io/HMBA_BasalGanglia_Consensus_Taxonomy/	HMBA Basal Ganglia Consensus Taxonomy	Oligodendrocyte			BG	Primate	https://purl.brain-bican.org/ontology/CCN20250428/CS20250428_GROUP_0018		DHBA:10332		CL:4042031			EFO:0008992		https://purl.brain-bican.org/taxonomy/CCN20230722/CS20250428_NEIGH_0001.h5ad	CS20250428_NEIGH_0001				http://purl.obolibrary.org/obo/PCL_0160918									DHBA:10333|DHBA:10343	striatum (STR, 0.4), external segment of globus pallidus (GPe, 0.1)						https://doi.org/10.1038/s41586-019-0903-2	DHBA:10333	0.4	Location assignment based on CCF broad region.	DHBA:10343	0.1	Location assignment based on CCF broad region.				
http://purl.obolibrary.org/obo/PCL_0160116	Oligo PLEKHG1	Oligo PLEKHG1	Oligo PLEKHG1	CL:0000128	NCBITaxon:9443	Primate	DHBA:10332	CS20250428_GROUP_0026	Group	https://purl.brain-bican.org/taxonomy/CCN20230722	https://doi.org/10.1126/science.add7046|https://alleninstitute.github.io/HMBA_BasalGanglia_Consensus_Taxonomy/	HMBA Basal Ganglia Consensus Taxonomy	Oligodendrocyte			BG	Primate	https://purl.brain-bican.org/ontology/CCN20250428/CS20250428_GROUP_0026		DHBA:10332		CL:0000128			EFO:0008992		https://purl.brain-bican.org/taxonomy/CCN20230722/CS20250428_NEIGH_0001.h5ad	CS20250428_NEIGH_0001				http://purl.obolibrary.org/obo/PCL_0160926									DHBA:10333|DHBA:10343	striatum (STR, 0.3), external segment of globus pallidus (GPe, 0.1)						https://doi.org/10.1126/science.add7046	DHBA:10333	0.3	Location assignment based on CCF broad region.	DHBA:10343	0.1	Location assignment based on CCF broad region.				
http://purl.obolibrary.org/obo/PCL_0160115	Oligo OPALIN	Oligo OPALIN	Oligo OPALIN	CL:0000128	NCBITaxon:9443	Primate	DHBA:10332	CS20250428_GROUP_0025	Group	https://purl.brain-bican.org/taxonomy/CCN20230722	https://doi.org/10.1126/science.add7046|https://alleninstitute.github.io/HMBA_BasalGanglia_Consensus_Taxonomy/	HMBA Basal Ganglia Consensus Taxonomy	Oligodendrocyte			BG	Primate	https://purl.brain-bican.org/ontology/CCN20250428/CS20250428_GROUP_0025		DHBA:10332		CL:0000128			EFO:0008992		https://purl.brain-bican.org/taxonomy/CCN20230722/CS20250428_NEIGH_0001.h5ad	CS20250428_NEIGH_0001				http://purl.obolibrary.org/obo/PCL_0160925									DHBA:10333|DHBA:10343	striatum (STR, 0.5), external segment of globus pallidus (GPe, 0.1)						https://doi.org/10.1126/science.add7046	DHBA:10333	0.5	Location assignment based on CCF broad region.	DHBA:10343	0.1	Location assignment based on CCF broad region.				
http://purl.obolibrary.org/obo/PCL_0160107	ImAstro	ImAstro	ImAstro	CL:0000127	NCBITaxon:9443	Primate	DHBA:10332	CS20250428_GROUP_0017	Group	https://purl.brain-bican.org/taxonomy/CCN20230722	https://alleninstitute.github.io/HMBA_BasalGanglia_Consensus_Taxonomy/	HMBA Basal Ganglia Consensus Taxonomy	Astrocyte			BG	Primate	https://purl.brain-bican.org/ontology/CCN20250428/CS20250428_GROUP_0017		DHBA:10332		CL:0000127			EFO:0008992		https://purl.brain-bican.org/taxonomy/CCN20230722/CS20250428_NEIGH_0001.h5ad	CS20250428_NEIGH_0001				http://purl.obolibrary.org/obo/PCL_0160917									DHBA:10333	striatum (STR, 0.7)							DHBA:10333	0.7	Location assignment based on CCF broad region.							
http://purl.obolibrary.org/obo/PCL_0160129	Astrocyte	Astrocyte	Astrocyte	CL:0000127	NCBITaxon:9443	Primate	DHBA:10332	CS20250428_GROUP_0039	Group	https://purl.brain-bican.org/taxonomy/CCN20230722	https://alleninstitute.github.io/HMBA_BasalGanglia_Consensus_Taxonomy/|https://doi.org/10.1038/s41586-023-06812-z	HMBA Basal Ganglia Consensus Taxonomy	Astrocyte			BG	Primate	https://purl.brain-bican.org/ontology/CCN20250428/CS20250428_GROUP_0039		DHBA:10332		CL:0000127			EFO:0008992		https://purl.brain-bican.org/taxonomy/CCN20230722/CS20250428_NEIGH_0001.h5ad	CS20250428_NEIGH_0001				http://purl.obolibrary.org/obo/PCL_0160939									DHBA:10333|DHBA:10343	striatum (STR, 0.6), external segment of globus pallidus (GPe, 0.1)						https://doi.org/10.1038/s41586-023-06812-z	DHBA:10333	0.6	Location assignment based on CCF broad region.	DHBA:10343	0.1	Location assignment based on CCF broad region.				
http://purl.obolibrary.org/obo/PCL_0160102	Ependymal	Ependymal	Ependymal	CL:0000065	NCBITaxon:9443	Primate	DHBA:10332	CS20250428_SUBCL_0012|CS20250428_GROUP_0012	Group	https://purl.brain-bican.org/taxonomy/CCN20230722	https://alleninstitute.github.io/HMBA_BasalGanglia_Consensus_Taxonomy/|https://doi.org/10.1038/s41586-023-06812-z	HMBA Basal Ganglia Consensus Taxonomy	Astro-Epen			BG	Primate	https://purl.brain-bican.org/ontology/CCN20250428/CS20250428_GROUP_0012		DHBA:10332		CL:0000065			EFO:0008992		https://purl.brain-bican.org/taxonomy/CCN20230722/CS20250428_NEIGH_0001.h5ad	CS20250428_NEIGH_0001				http://purl.obolibrary.org/obo/PCL_0160912									DHBA:10333	striatum (STR, 0.2)						https://doi.org/10.1038/s41586-023-06812-z	DHBA:10333	0.2	Location assignment based on CCF broad region.							
http://purl.obolibrary.org/obo/PCL_0160109	Microglia	Microglia	Microglia	CL:0000129	NCBITaxon:9443	Primate	DHBA:10332	CS20250428_SUBCL_0019|CS20250428_GROUP_0019	Group	https://purl.brain-bican.org/taxonomy/CCN20230722	https://alleninstitute.github.io/HMBA_BasalGanglia_Consensus_Taxonomy/|https://doi.org/10.1038/s41586-023-06812-z	HMBA Basal Ganglia Consensus Taxonomy	Immune			BG	Primate	https://purl.brain-bican.org/ontology/CCN20250428/CS20250428_GROUP_0019		DHBA:10332		CL:0000129			EFO:0008992		https://purl.brain-bican.org/taxonomy/CCN20230722/CS20250428_NEIGH_0001.h5ad	CS20250428_NEIGH_0001				http://purl.obolibrary.org/obo/PCL_0160919									DHBA:10333|DHBA:10343|DHBA:12251	striatum (STR, 0.5), external segment of globus pallidus (GPe, 0.1), substantia nigra (SN, 0.1)						https://doi.org/10.1038/s41586-023-06812-z	DHBA:10333	0.5	Location assignment based on CCF broad region.	DHBA:10343	0.1	Location assignment based on CCF broad region.	DHBA:12251	0.1	Location assignment based on CCF broad region.	
http://purl.obolibrary.org/obo/PCL_0160091	Macrophage	BAM	BAM|Macrophage	CL:4042003	NCBITaxon:9443	Primate	DHBA:10332	CS20250428_SUBCL_0018|CS20250428_GROUP_0001	Group	https://purl.brain-bican.org/taxonomy/CCN20230722	https://alleninstitute.github.io/HMBA_BasalGanglia_Consensus_Taxonomy/|https://doi.org/10.1038/s41586-023-06812-z	HMBA Basal Ganglia Consensus Taxonomy	Immune			BG	Primate	https://purl.brain-bican.org/ontology/CCN20250428/CS20250428_GROUP_0001		DHBA:10332		CL:4042003			EFO:0008992		https://purl.brain-bican.org/taxonomy/CCN20230722/CS20250428_NEIGH_0001.h5ad	CS20250428_NEIGH_0001				http://purl.obolibrary.org/obo/PCL_0160901									DHBA:10333|DHBA:10343	striatum (STR, 0.6), external segment of globus pallidus (GPe, 0.1)						https://doi.org/10.1038/s41586-023-06812-z	DHBA:10333	0.6	Location assignment based on CCF broad region.	DHBA:10343	0.1	Location assignment based on CCF broad region.				
http://purl.obolibrary.org/obo/PCL_0160112	Monocyte	Monocyte	Monocyte	CL:0000576	NCBITaxon:9443	Primate	DHBA:10332	CS20250428_SUBCL_0038|CS20250428_GROUP_0022	Group	https://purl.brain-bican.org/taxonomy/CCN20230722	https://alleninstitute.github.io/HMBA_BasalGanglia_Consensus_Taxonomy/|https://doi.org/10.1038/s41586-023-06812-z	HMBA Basal Ganglia Consensus Taxonomy	Immune			BG	Primate	https://purl.brain-bican.org/ontology/CCN20250428/CS20250428_GROUP_0022		DHBA:10332		CL:0000576			EFO:0008992		https://purl.brain-bican.org/taxonomy/CCN20230722/CS20250428_NEIGH_0001.h5ad	CS20250428_NEIGH_0001				http://purl.obolibrary.org/obo/PCL_0160922									DHBA:10333|DHBA:10343	striatum (STR, 0.6), external segment of globus pallidus (GPe, 0.1)						https://doi.org/10.1038/s41586-023-06812-z	DHBA:10333	0.6	Location assignment based on CCF broad region.	DHBA:10343	0.1	Location assignment based on CCF broad region.				
http://purl.obolibrary.org/obo/PCL_0160090	B cells	B cells	B cells	CL:0000236	NCBITaxon:9443	Primate	DHBA:10332	CS20250428_GROUP_0000	Group	https://purl.brain-bican.org/taxonomy/CCN20230722	https://alleninstitute.github.io/HMBA_BasalGanglia_Consensus_Taxonomy/	HMBA Basal Ganglia Consensus Taxonomy	Lymphocyte			BG	Primate	https://purl.brain-bican.org/ontology/CCN20250428/CS20250428_GROUP_0000		DHBA:10332		CL:0000236			EFO:0008992		https://purl.brain-bican.org/taxonomy/CCN20230722/CS20250428_NEIGH_0001.h5ad	CS20250428_NEIGH_0001				http://purl.obolibrary.org/obo/PCL_0160900									DHBA:10333	striatum (STR, 0.7)							DHBA:10333	0.7	Location assignment based on CCF broad region.							
http://purl.obolibrary.org/obo/PCL_0160149	T cells	T cells	T cells	CL:0000084	NCBITaxon:9443	Primate	DHBA:10332	CS20250428_GROUP_0059	Group	https://purl.brain-bican.org/taxonomy/CCN20230722	https://alleninstitute.github.io/HMBA_BasalGanglia_Consensus_Taxonomy/|https://doi.org/10.1038/s41586-023-06812-z	HMBA Basal Ganglia Consensus Taxonomy	Lymphocyte			BG	Primate	https://purl.brain-bican.org/ontology/CCN20250428/CS20250428_GROUP_0059		DHBA:10332		CL:0000084			EFO:0008992		https://purl.brain-bican.org/taxonomy/CCN20230722/CS20250428_NEIGH_0001.h5ad	CS20250428_NEIGH_0001				http://purl.obolibrary.org/obo/PCL_0160959									DHBA:10333|DHBA:10343	striatum (STR, 0.4), external segment of globus pallidus (GPe, 0.1)						https://doi.org/10.1038/s41586-023-06812-z	DHBA:10333	0.4	Location assignment based on CCF broad region.	DHBA:10343	0.1	Location assignment based on CCF broad region.				
http://purl.obolibrary.org/obo/PCL_0160152	VLMC	VLMC	VLMC	CL:4023051	NCBITaxon:9443	Primate	DHBA:10332	CS20250428_SUBCL_0035|CS20250428_GROUP_0062	Group	https://purl.brain-bican.org/taxonomy/CCN20230722	https://alleninstitute.github.io/HMBA_BasalGanglia_Consensus_Taxonomy/|https://doi.org/10.1038/s41586-023-06812-z	HMBA Basal Ganglia Consensus Taxonomy	Vascular			BG	Primate	https://purl.brain-bican.org/ontology/CCN20250428/CS20250428_GROUP_0062		DHBA:10332		CL:4023051			EFO:0008992		https://purl.brain-bican.org/taxonomy/CCN20230722/CS20250428_NEIGH_0001.h5ad	CS20250428_NEIGH_0001				http://purl.obolibrary.org/obo/PCL_0160962									DHBA:10333	striatum (STR, 0.6)						https://doi.org/10.1038/s41586-023-06812-z	DHBA:10333	0.6	Location assignment based on CCF broad region.							
http://purl.obolibrary.org/obo/PCL_0160118	SMC	SMC	SMC	CL:0000192	NCBITaxon:9443	Primate	DHBA:10332	CS20250428_SUBCL_0024|CS20250428_GROUP_0028	Group	https://purl.brain-bican.org/taxonomy/CCN20230722	https://alleninstitute.github.io/HMBA_BasalGanglia_Consensus_Taxonomy/|https://doi.org/10.1038/s41586-023-06812-z	HMBA Basal Ganglia Consensus Taxonomy	Vascular			BG	Primate	https://purl.brain-bican.org/ontology/CCN20250428/CS20250428_GROUP_0028		DHBA:10332		CL:0000192			EFO:0008992		https://purl.brain-bican.org/taxonomy/CCN20230722/CS20250428_NEIGH_0001.h5ad	CS20250428_NEIGH_0001				http://purl.obolibrary.org/obo/PCL_0160928									DHBA:10333	striatum (STR, 0.6)						https://doi.org/10.1038/s41586-023-06812-z	DHBA:10333	0.6	Location assignment based on CCF broad region.							
http://purl.obolibrary.org/obo/PCL_0160117	Pericyte	Pericyte	Pericyte	CL:0000669	NCBITaxon:9443	Primate	DHBA:10332	CS20250428_SUBCL_0023|CS20250428_GROUP_0027	Group	https://purl.brain-bican.org/taxonomy/CCN20230722	https://alleninstitute.github.io/HMBA_BasalGanglia_Consensus_Taxonomy/|https://doi.org/10.1038/s41586-023-06812-z	HMBA Basal Ganglia Consensus Taxonomy	Vascular			BG	Primate	https://purl.brain-bican.org/ontology/CCN20250428/CS20250428_GROUP_0027		DHBA:10332		CL:0000669			EFO:0008992		https://purl.brain-bican.org/taxonomy/CCN20230722/CS20250428_NEIGH_0001.h5ad	CS20250428_NEIGH_0001				http://purl.obolibrary.org/obo/PCL_0160927									DHBA:10333	striatum (STR, 0.7)						https://doi.org/10.1038/s41586-023-06812-z	DHBA:10333	0.7	Location assignment based on CCF broad region.							
http://purl.obolibrary.org/obo/PCL_0160101	Endo	Endo	Endo	CL:0000115	NCBITaxon:9443	Primate	DHBA:10332	CS20250428_SUBCL_0011|CS20250428_GROUP_0011	Group	https://purl.brain-bican.org/taxonomy/CCN20230722	https://alleninstitute.github.io/HMBA_BasalGanglia_Consensus_Taxonomy/|https://doi.org/10.1038/s41586-023-06812-z	HMBA Basal Ganglia Consensus Taxonomy	Vascular			BG	Primate	https://purl.brain-bican.org/ontology/CCN20250428/CS20250428_GROUP_0011		DHBA:10332		CL:0000115			EFO:0008992		https://purl.brain-bican.org/taxonomy/CCN20230722/CS20250428_NEIGH_0001.h5ad	CS20250428_NEIGH_0001				http://purl.obolibrary.org/obo/PCL_0160911									DHBA:10333|DHBA:10343	striatum (STR, 0.7), external segment of globus pallidus (GPe, 0.1)						https://doi.org/10.1038/s41586-023-06812-z	DHBA:10333	0.7	Location assignment based on CCF broad region.	DHBA:10343	0.1	Location assignment based on CCF broad region.				
http://purl.obolibrary.org/obo/PCL_0160002	Subpallium GABA	Subpallium GABA	Subpallium GABA	CL:0000617	NCBITaxon:9443	Primate	DHBA:10332	CS20250428_NEIGH_0002	Neighborhood	https://purl.brain-bican.org/taxonomy/CCN20230722	https://alleninstitute.github.io/HMBA_BasalGanglia_Consensus_Taxonomy/	HMBA Basal Ganglia Consensus Taxonomy				BG	Primate	https://purl.brain-bican.org/ontology/CCN20250428/CS20250428_NEIGH_0002		DHBA:10332		CL:0000617			EFO:0008992		https://purl.brain-bican.org/taxonomy/CCN20230722/CS20250428_NEIGH_0002.h5ad	CS20250428_NEIGH_0002																														
http://purl.obolibrary.org/obo/PCL_0160000	Glut Sero Dopa	Glut Sero Dopa	Glut Sero Dopa	CL:0000700	NCBITaxon:9443	Primate	DHBA:10332	CS20250428_NEIGH_0000	Neighborhood	https://purl.brain-bican.org/taxonomy/CCN20230722	https://alleninstitute.github.io/HMBA_BasalGanglia_Consensus_Taxonomy/	HMBA Basal Ganglia Consensus Taxonomy				BG	Primate	https://purl.brain-bican.org/ontology/CCN20250428/CS20250428_NEIGH_0000		DHBA:10332		CL:0000700			EFO:0008992		https://purl.brain-bican.org/taxonomy/CCN20230722/CS20250428_NEIGH_0000.h5ad	CS20250428_NEIGH_0000																														
http://purl.obolibrary.org/obo/PCL_0160001	Nonneuron	Nonneuron	Nonneuron	CL:0000000	NCBITaxon:9443	Primate	DHBA:10332	CS20250428_NEIGH_0001	Neighborhood	https://purl.brain-bican.org/taxonomy/CCN20230722	https://alleninstitute.github.io/HMBA_BasalGanglia_Consensus_Taxonomy/	HMBA Basal Ganglia Consensus Taxonomy				BG	Primate	https://purl.brain-bican.org/ontology/CCN20250428/CS20250428_NEIGH_0001		DHBA:10332		CL:0000000			EFO:0008992		https://purl.brain-bican.org/taxonomy/CCN20230722/CS20250428_NEIGH_0001.h5ad	CS20250428_NEIGH_0001																														
http://purl.obolibrary.org/obo/PCL_0160058	STR D1 MSN	STR D1 MSN	STR D1 MSN	CL:4023026	NCBITaxon:9443	Primate	DHBA:10332	CS20250428_SUBCL_0028	Subclass	https://purl.brain-bican.org/taxonomy/CCN20230722	https://alleninstitute.github.io/HMBA_BasalGanglia_Consensus_Taxonomy/	HMBA Basal Ganglia Consensus Taxonomy	CN LGE GABA			BG	Primate	https://purl.brain-bican.org/ontology/CCN20250428/CS20250428_SUBCL_0028		DHBA:10332		CL:4023026			EFO:0008992		https://purl.brain-bican.org/taxonomy/CCN20230722/CS20250428_NEIGH_0002.h5ad	CS20250428_NEIGH_0002																														
http://purl.obolibrary.org/obo/PCL_0160059	STR D2 MSN	STR D2 MSN	STR D2 MSN	CL:4023029	NCBITaxon:9443	Primate	DHBA:10332	CS20250428_SUBCL_0029	Subclass	https://purl.brain-bican.org/taxonomy/CCN20230722	https://alleninstitute.github.io/HMBA_BasalGanglia_Consensus_Taxonomy/	HMBA Basal Ganglia Consensus Taxonomy	CN LGE GABA			BG	Primate	https://purl.brain-bican.org/ontology/CCN20250428/CS20250428_SUBCL_0029		DHBA:10332		CL:4023029			EFO:0008992		https://purl.brain-bican.org/taxonomy/CCN20230722/CS20250428_NEIGH_0002.h5ad	CS20250428_NEIGH_0002																														
http://purl.obolibrary.org/obo/PCL_0160060	STR Hybrid MSN	STR Hybrid MSN	STR Hybrid MSN	CL:4030050	NCBITaxon:9443	Primate	DHBA:10332	CS20250428_SUBCL_0030	Subclass	https://purl.brain-bican.org/taxonomy/CCN20230722	https://alleninstitute.github.io/HMBA_BasalGanglia_Consensus_Taxonomy/	HMBA Basal Ganglia Consensus Taxonomy	CN LGE GABA			BG	Primate	https://purl.brain-bican.org/ontology/CCN20250428/CS20250428_SUBCL_0030		DHBA:10332		CL:4030050			EFO:0008992		https://purl.brain-bican.org/taxonomy/CCN20230722/CS20250428_NEIGH_0002.h5ad	CS20250428_NEIGH_0002																														
http://purl.obolibrary.org/obo/PCL_0160067	F GABA	F GABA	F GABA	CL:0000617	NCBITaxon:9443	Primate	DHBA:10332	CS20250428_SUBCL_0037	Subclass	https://purl.brain-bican.org/taxonomy/CCN20230722	https://alleninstitute.github.io/HMBA_BasalGanglia_Consensus_Taxonomy/	HMBA Basal Ganglia Consensus Taxonomy	F M GABA			BG	Primate	https://purl.brain-bican.org/ontology/CCN20250428/CS20250428_SUBCL_0037		DHBA:10332					EFO:0008992		https://purl.brain-bican.org/taxonomy/CCN20230722/CS20250428_NEIGH_0002.h5ad	CS20250428_NEIGH_0002																														
http://purl.obolibrary.org/obo/PCL_0160056	SN PAX7 GABA	SN PAX7 GABA	SN PAX7 GABA	CL:0000617	NCBITaxon:9443	Primate	DHBA:10332	CS20250428_SUBCL_0026	Subclass	https://purl.brain-bican.org/taxonomy/CCN20230722	https://alleninstitute.github.io/HMBA_BasalGanglia_Consensus_Taxonomy/	HMBA Basal Ganglia Consensus Taxonomy	F M GABA			BG	Primate	https://purl.brain-bican.org/ontology/CCN20250428/CS20250428_SUBCL_0026		DHBA:10332					EFO:0008992		https://purl.brain-bican.org/taxonomy/CCN20230722/CS20250428_NEIGH_0002.h5ad	CS20250428_NEIGH_0002																														
http://purl.obolibrary.org/obo/PCL_0160046	F M GATA3 GABA	F M GATA3 GABA	F M GATA3 GABA	CL:0000617	NCBITaxon:9443	Primate	DHBA:10332	CS20250428_SUBCL_0016	Subclass	https://purl.brain-bican.org/taxonomy/CCN20230722	https://alleninstitute.github.io/HMBA_BasalGanglia_Consensus_Taxonomy/	HMBA Basal Ganglia Consensus Taxonomy	F M GABA			BG	Primate	https://purl.brain-bican.org/ontology/CCN20250428/CS20250428_SUBCL_0016		DHBA:10332					EFO:0008992		https://purl.brain-bican.org/taxonomy/CCN20230722/CS20250428_NEIGH_0002.h5ad	CS20250428_NEIGH_0002																														
http://purl.obolibrary.org/obo/PCL_0160035	CN LHX8 GABA	CN LHX8 GABA	CN LHX8 GABA	CL:0000617	NCBITaxon:9443	Primate	DHBA:10332	CS20250428_SUBCL_0005	Subclass	https://purl.brain-bican.org/taxonomy/CCN20230722	https://alleninstitute.github.io/HMBA_BasalGanglia_Consensus_Taxonomy/	HMBA Basal Ganglia Consensus Taxonomy	F M GABA			BG	Primate	https://purl.brain-bican.org/ontology/CCN20250428/CS20250428_SUBCL_0005		DHBA:10332					EFO:0008992		https://purl.brain-bican.org/taxonomy/CCN20230722/CS20250428_NEIGH_0002.h5ad	CS20250428_NEIGH_0002																														
http://purl.obolibrary.org/obo/PCL_0160061	STR RSPO2 GABA	STR RSPO2 GABA	STR RSPO2 GABA	CL:0000617	NCBITaxon:9443	Primate	DHBA:10332	CS20250428_SUBCL_0031	Subclass	https://purl.brain-bican.org/taxonomy/CCN20230722	https://alleninstitute.github.io/HMBA_BasalGanglia_Consensus_Taxonomy/	HMBA Basal Ganglia Consensus Taxonomy	CN MGE GABA			BG	Primate	https://purl.brain-bican.org/ontology/CCN20250428/CS20250428_SUBCL_0031		DHBA:10332					EFO:0008992		https://purl.brain-bican.org/taxonomy/CCN20230722/CS20250428_NEIGH_0002.h5ad	CS20250428_NEIGH_0002																														
http://purl.obolibrary.org/obo/PCL_0160038	CN ST18 GABA	CN ST18 GABA	CN ST18 GABA	CL:0000617	NCBITaxon:9443	Primate	DHBA:10332	CS20250428_SUBCL_0008	Subclass	https://purl.brain-bican.org/taxonomy/CCN20230722	https://alleninstitute.github.io/HMBA_BasalGanglia_Consensus_Taxonomy/	HMBA Basal Ganglia Consensus Taxonomy	CN MGE GABA			BG	Primate	https://purl.brain-bican.org/ontology/CCN20250428/CS20250428_SUBCL_0008		DHBA:10332					EFO:0008992		https://purl.brain-bican.org/taxonomy/CCN20230722/CS20250428_NEIGH_0002.h5ad	CS20250428_NEIGH_0002																														
http://purl.obolibrary.org/obo/PCL_0160031	CN Cholinergic GABA	CN Cholinergic GABA	CN Cholinergic GABA	CL:0000617	NCBITaxon:9443	Primate	DHBA:10332	CS20250428_SUBCL_0001	Subclass	https://purl.brain-bican.org/taxonomy/CCN20230722	https://alleninstitute.github.io/HMBA_BasalGanglia_Consensus_Taxonomy/	HMBA Basal Ganglia Consensus Taxonomy	CN MGE GABA			BG	Primate	https://purl.brain-bican.org/ontology/CCN20250428/CS20250428_SUBCL_0001		DHBA:10332					EFO:0008992		https://purl.brain-bican.org/taxonomy/CCN20230722/CS20250428_NEIGH_0002.h5ad	CS20250428_NEIGH_0002																														
http://purl.obolibrary.org/obo/PCL_0160043	F Glut	F Glut	F Glut	CL:0000700	NCBITaxon:9443	Primate	DHBA:10332	CS20250428_SUBCL_0013	Subclass	https://purl.brain-bican.org/taxonomy/CCN20230722	https://alleninstitute.github.io/HMBA_BasalGanglia_Consensus_Taxonomy/	HMBA Basal Ganglia Consensus Taxonomy	F M Glut			BG	Primate	https://purl.brain-bican.org/ontology/CCN20250428/CS20250428_SUBCL_0013		DHBA:10332					EFO:0008992		https://purl.brain-bican.org/taxonomy/CCN20230722/CS20250428_NEIGH_0000.h5ad	CS20250428_NEIGH_0000																														
http://purl.obolibrary.org/obo/PCL_0160052	Oligodendrocyte	Oligodendrocyte	Oligodendrocyte	CL:0000128	NCBITaxon:9443	Primate	DHBA:10332	CS20250428_SUBCL_0022	Subclass	https://purl.brain-bican.org/taxonomy/CCN20230722	https://alleninstitute.github.io/HMBA_BasalGanglia_Consensus_Taxonomy/	HMBA Basal Ganglia Consensus Taxonomy	OPC-Oligo			BG	Primate	https://purl.brain-bican.org/ontology/CCN20250428/CS20250428_SUBCL_0022		DHBA:10332		CL:0000128			EFO:0008992		https://purl.brain-bican.org/taxonomy/CCN20230722/CS20250428_NEIGH_0001.h5ad	CS20250428_NEIGH_0001																														
http://purl.obolibrary.org/obo/PCL_0160030	Astrocyte	Astrocyte	Astrocyte	CL:0000127	NCBITaxon:9443	Primate	DHBA:10332	CS20250428_SUBCL_0000	Subclass	https://purl.brain-bican.org/taxonomy/CCN20230722	https://alleninstitute.github.io/HMBA_BasalGanglia_Consensus_Taxonomy/	HMBA Basal Ganglia Consensus Taxonomy	Astro-Epen			BG	Primate	https://purl.brain-bican.org/ontology/CCN20250428/CS20250428_SUBCL_0000		DHBA:10332		CL:0000127			EFO:0008992		https://purl.brain-bican.org/taxonomy/CCN20230722/CS20250428_NEIGH_0001.h5ad	CS20250428_NEIGH_0001																														
http://purl.obolibrary.org/obo/PCL_0160045	Lymphocyte	Lymphocyte	Lymphocyte	CL:0000542	NCBITaxon:9443	Primate	DHBA:10332	CS20250428_SUBCL_0015	Subclass	https://purl.brain-bican.org/taxonomy/CCN20230722	https://alleninstitute.github.io/HMBA_BasalGanglia_Consensus_Taxonomy/	HMBA Basal Ganglia Consensus Taxonomy	Immune			BG	Primate	https://purl.brain-bican.org/ontology/CCN20250428/CS20250428_SUBCL_0015		DHBA:10332		CL:0000542			EFO:0008992		https://purl.brain-bican.org/taxonomy/CCN20230722/CS20250428_NEIGH_0001.h5ad	CS20250428_NEIGH_0001																														
